job_code,job_name,꼼꼼함,독립성,리더십,분석적 사고,사회성,성취/노력,스트레스 감내성,신뢰성,인내,자기통제,적응성/융통성,정직성,책임과 진취성,타인에 대한 배려,혁신,협조
K000000821,제관원(제관기조작원),3.9,3.1,2.6,2.7,2.8,3.4,3.3,3.3,3.3,3.0,3.1,3.0,3.5,3.0,2.6,3.3
K000000822,항공기정비원,4.5,3.4,3.6,3.7,3.8,4.2,4.0,4.3,3.9,3.9,4.1,4.0,4.4,3.7,3.3,3.9
K000000823,판금원(판금기조작원),4.2,3.6,3.0,3.4,3.1,3.6,3.4,3.5,3.5,3.5,3.5,3.4,4.1,3.3,3.3,3.7
K000000824,번역가,4.6,3.9,2.9,3.6,2.7,3.9,3.8,4.3,4.0,3.7,3.6,3.7,4.2,3.3,2.9,3.6
K000000825,자연과학시험원,4.1,3.6,3.4,3.9,3.4,3.9,3.7,3.8,3.8,3.7,3.9,3.7,4.0,3.5,3.4,3.9
K000000826,전기기기·제품개발기술자 및 연구원,4.5,3.5,3.6,4.5,3.9,4.0,4.0,4.3,3.9,3.8,3.9,3.9,4.0,3.7,3.7,4.1
K000000827,노점 및 이동판매원,3.8,3.3,2.6,2.4,3.6,3.7,3.3,3.6,3.6,3.4,3.5,3.7,3.4,3.2,2.7,2.8
K000000828,시멘트·광물제품생산기계조작원,3.4,2.4,2.9,2.8,3.1,3.5,3.0,3.3,3.2,2.7,3.1,2.9,3.5,3.1,2.5,3.4
K000000829,토목안전·환경기술자 및 토목품질기술자,4.3,3.2,3.8,4.0,3.7,3.9,4.0,4.2,3.6,3.7,3.6,3.8,4.0,3.2,2.9,4.1
K000000830,치과위생사,4.0,2.8,2.7,2.9,3.3,3.7,3.4,3.2,3.6,3.2,3.2,3.5,3.7,3.4,2.8,3.2
K000000831,도장원(도장기조작원),3.7,3.1,2.9,3.1,3.1,3.7,3.6,3.2,3.5,3.5,3.3,3.1,3.7,3.1,2.9,3.3
K000000832,정보보안전문가,4.5,3.7,3.7,4.5,3.9,4.0,4.2,4.5,4.0,4.1,3.5,4.1,4.1,3.5,3.2,4.2
K000000833,사회복지관리자,4.1,3.1,4.2,3.5,4.1,4.0,4.1,4.3,4.2,3.9,4.0,4.2,4.4,4.1,3.2,4.2
K000000834,정치학연구원,4.2,3.6,3.8,4.2,3.9,4.0,3.9,4.1,4.0,3.9,3.8,3.8,4.0,3.4,3.5,3.9
K000000835,산업안전원 및 위험관리원,4.6,3.6,4.0,3.9,4.5,4.1,4.2,4.4,4.2,3.8,4.0,4.0,4.6,4.0,2.8,4.8
K000000836,농학연구원,4.1,3.2,3.4,4.2,3.7,4.5,3.7,4.3,4.1,3.6,3.9,3.8,4.4,3.6,3.7,3.9
K000000837,외국어강사,3.8,3.1,3.6,3.2,3.4,3.5,3.4,3.8,3.6,3.3,3.2,3.6,3.9,3.7,3.1,3.1
K000000838,초등학교 교장 및 교감,4.0,3.4,4.1,3.6,3.9,3.9,3.7,4.0,3.9,3.7,3.7,3.9,4.2,3.6,3.3,3.7
K000000839,표백·염색기조작원,3.8,2.7,2.0,2.5,2.9,3.3,3.5,3.2,3.7,3.1,3.2,3.1,3.5,2.4,2.3,3.0
K000000840,송·배전설비기술자,4.4,3.5,3.7,4.1,3.8,3.9,4.0,4.4,3.7,3.6,3.7,3.9,4.2,3.5,3.0,4.3
K000000841,김치·밑반찬 제조종사원,3.8,3.0,3.3,3.1,3.2,4.1,3.4,3.5,3.8,3.2,3.3,3.8,3.8,3.6,3.0,3.6
K000000842,육묘 및 화훼작물재배자,4.0,2.8,3.1,2.9,3.3,4.0,3.4,3.6,3.6,3.4,3.2,3.3,3.8,3.2,3.0,3.3
K000000843,자재·구매사무원,4.5,3.3,3.4,3.8,3.8,3.8,4.0,4.2,3.6,3.7,4.0,4.2,4.0,3.4,3.1,4.2
K000000844,비뇨기과의사,4.2,3.3,3.5,3.7,3.3,4.0,3.7,3.9,3.8,3.7,3.6,3.8,4.0,3.6,3.1,3.3
K000000845,스포츠트레이너,3.6,3.3,3.5,3.1,3.4,4.0,3.2,3.5,3.8,3.3,3.2,3.4,3.7,3.7,2.9,3.6
K000000846,장례지도사 및 장례상담원,3.9,3.2,3.2,2.6,3.6,3.7,3.2,3.6,3.8,3.3,3.1,3.5,3.6,3.4,2.5,3.4
K000000847,기업고위임원,3.8,3.3,4.3,4.1,4.0,4.3,4.1,4.4,4.2,4.2,4.2,4.1,4.4,3.9,3.9,4.0
K000000848,재봉사,4.2,2.9,2.5,2.9,2.9,3.4,3.6,3.6,3.6,3.5,3.3,3.4,3.6,3.2,2.9,3.2
K000000849,보조교사,3.4,2.8,3.0,2.5,3.4,3.5,3.2,3.6,3.6,3.1,2.8,3.2,3.6,3.7,2.0,3.5
K000000850,요양보호사 및 간병인,3.8,3.4,3.1,3.0,3.3,3.3,3.5,3.8,3.8,3.5,3.5,3.6,3.7,4.2,2.7,3.8
K000000851,지휘자,3.9,3.3,4.2,3.1,3.1,4.3,3.8,3.9,4.2,3.9,3.8,3.1,4.3,3.5,3.2,3.6
K000000852,생명과학시험원,4.5,3.4,3.6,4.6,3.0,3.9,3.9,4.5,4.0,3.6,3.8,4.6,4.1,3.6,3.2,3.8
K000000853,시스템소프트웨어개발자,4.3,3.5,3.8,4.4,3.7,4.2,3.9,4.3,4.1,3.9,3.8,3.8,4.3,3.5,3.9,4.1
K000000854,주차관리·안내원,3.5,2.2,2.5,2.1,3.2,3.1,3.6,3.5,3.7,3.4,3.1,3.7,3.8,3.7,1.8,3.4
K000000855,물류사무원,4.4,2.8,3.7,4.1,4.0,4.0,4.3,4.1,3.9,3.4,3.9,3.5,4.2,3.4,3.4,4.3
K000000856,컴퓨터시스템설계 및 분석가,4.4,3.0,3.5,4.3,3.3,4.2,4.0,4.2,3.8,3.8,3.7,3.5,4.3,3.3,3.4,4.0
K000000857,사회복지사,4.0,3.3,4.1,3.9,4.5,4.2,4.1,4.5,4.3,4.0,3.9,4.4,4.2,4.3,3.2,4.6
K000000858,자동차부품조립·검사원,3.8,2.6,2.6,2.6,3.1,3.6,3.1,3.4,3.3,3.2,3.3,3.3,3.6,3.1,2.4,3.4
K000000859,경기심판 및 경기기록원,4.0,3.5,3.7,3.8,3.0,3.6,3.8,4.1,3.8,3.7,3.7,3.9,3.9,3.2,2.8,3.6
K000000860,로봇공학기술자,4.3,3.4,3.6,4.4,3.5,4.4,3.8,4.0,4.1,3.7,3.6,3.6,4.2,3.5,4.1,4.1
K000000861,제과·제빵원,4.3,3.1,3.2,3.1,3.4,4.0,3.8,3.8,3.7,3.5,3.5,3.5,3.6,3.4,3.3,3.4
K000000862,안과의사,4.5,3.6,3.6,4.0,4.0,4.4,4.3,4.2,4.2,4.0,4.0,4.0,4.4,4.1,3.6,4.0
K000000863,원자력공학기술자,4.3,3.7,3.4,4.4,3.2,4.1,3.9,4.6,3.9,3.6,3.6,4.4,4.5,3.5,3.4,4.0
K000000864,재활공학기사,4.3,3.3,3.5,3.5,3.8,4.0,3.5,3.9,3.8,3.4,3.7,3.8,4.1,3.8,3.4,3.7
K000000865,석유화학공학기술자 및 연구원,4.4,3.2,3.6,4.4,3.7,4.1,3.8,4.2,4.0,3.8,3.9,4.0,4.1,3.4,3.8,4.0
K000000866,출판·자료편집사무원,4.2,3.0,2.8,3.5,3.3,3.9,3.7,3.6,3.7,3.4,3.4,3.5,4.0,3.2,3.0,3.4
K000000867,직업운동선수,3.8,3.6,3.4,3.1,3.4,4.4,3.6,3.4,4.4,3.6,3.4,3.3,4.0,3.6,2.9,3.5
K000000868,건설 및 채굴기계운전원,3.9,3.5,3.1,3.2,3.1,3.7,3.8,3.4,3.7,3.6,3.6,3.3,4.0,3.0,2.8,3.7
K000000869,조림·산림경영인 및 벌목원,4.4,3.1,3.5,3.6,3.7,3.8,3.6,3.8,4.1,3.7,3.7,3.7,4.2,3.6,3.0,4.3
K000000870,플랜트기계공학기술자,4.3,3.2,3.7,4.4,3.5,4.2,3.9,4.2,3.7,3.6,3.8,3.7,4.2,3.7,3.2,4.2
K000000871,일반기계조립원,4.1,3.3,3.0,3.6,3.5,3.8,3.8,3.7,3.6,3.5,3.6,3.3,3.8,3.3,3.0,3.6
K000000872,광고·홍보·마케팅전문가,4.3,3.4,3.6,4.1,4.3,4.2,4.0,4.1,3.8,3.4,4.1,3.3,4.2,3.7,3.3,4.3
K000000873,음향·녹음기사,4.4,3.3,3.2,3.2,3.1,4.0,4.0,3.6,4.1,3.9,3.6,3.0,4.1,3.4,2.9,3.8
K000000874,주유원,2.8,2.5,2.2,2.1,3.2,2.6,3.1,3.2,2.8,2.9,2.8,3.3,3.1,3.0,2.1,2.6
K000000875,인적자원전문가,4.3,3.5,3.9,4.1,4.5,3.9,4.2,4.6,4.1,4.3,3.9,4.4,4.2,4.0,2.9,4.5
K000000876,전기감리기술자,4.3,3.3,3.5,3.5,3.4,3.5,3.5,4.2,3.4,3.4,3.6,4.1,4.0,3.3,2.7,3.9
K000000877,항공공학기술자,4.6,3.1,3.8,4.6,3.5,4.2,3.9,4.6,3.9,3.9,3.8,4.2,4.2,3.5,3.4,4.2
K000000878,도시계획·설계가,4.5,2.5,3.5,4.3,3.9,3.7,3.9,4.3,3.8,3.7,3.5,3.0,4.3,3.4,3.1,4.4
K000000879,디스플레이연구 및 개발자,4.2,3.2,3.7,4.4,3.8,4.2,3.8,4.1,4.0,3.9,3.6,4.0,4.3,3.5,3.9,3.9
K000000880,사진인화·현상기조작원(사진수정 포함),4.0,3.2,3.0,3.3,3.5,4.0,3.4,3.5,3.7,3.3,3.6,3.6,3.8,3.5,3.0,3.2
K000000881,공연·영화 및 음반기획자,3.7,3.8,3.9,3.8,3.7,3.9,4.0,3.7,4.1,3.6,3.9,3.8,4.3,3.9,3.8,3.7
K000000882,귀금속·보석세공원,4.4,3.6,3.5,3.6,3.4,4.0,3.9,3.7,3.8,3.8,3.6,3.8,4.0,3.5,3.5,3.5
K000000883,학습지·교육교구방문강사,3.7,2.8,2.9,3.0,3.5,3.9,3.3,3.7,3.6,3.2,3.0,3.5,3.7,3.6,2.3,2.8
K000000884,선박갑판원,3.6,2.8,3.1,3.1,3.0,3.7,3.5,3.6,3.3,3.2,3.2,3.2,3.6,3.3,2.3,2.8
K000000885,승강기설치·정비원,3.5,2.9,3.1,3.3,2.8,3.5,3.2,3.5,3.3,2.9,3.0,3.5,3.9,3.1,2.6,3.1
K000000886,냉동·냉장·공조기설치·정비원,3.8,3.0,2.7,3.7,3.0,3.6,3.4,3.9,3.4,3.2,3.4,3.2,3.6,3.1,2.6,3.7
K000000887,수질환경기술자 및 연구원,4.3,3.4,3.5,4.4,3.7,3.8,3.9,4.2,3.9,3.5,4.0,3.9,4.3,3.4,3.3,4.3
K000000888,지적 및 측량기술자,4.1,3.5,3.5,4.0,3.5,3.6,3.8,3.7,3.7,3.7,3.6,3.7,4.1,3.5,3.6,3.9
K000000889,외과의사,4.6,3.8,3.8,3.9,3.6,4.3,4.1,4.5,4.3,4.3,3.7,4.1,4.5,4.1,3.1,4.0
K000000890,UX·UI디자이너,4.6,3.3,3.6,4.6,4.3,4.3,4.0,3.9,4.0,3.8,4.4,3.2,4.3,4.0,4.1,4.8
K000000891,교통계획·설계가,4.1,3.2,3.6,4.3,3.7,3.9,3.9,4.0,3.9,3.7,3.9,3.7,4.2,3.5,3.4,3.9
K000000892,성형외과의사,4.4,3.5,3.9,3.8,3.6,4.2,4.2,4.2,4.4,4.0,3.8,4.0,4.3,4.0,3.3,3.9
K000000893,음료조리사,3.5,3.1,3.1,3.1,3.1,3.3,3.3,3.5,3.2,3.0,3.3,3.5,3.4,3.5,3.0,3.4
K000000894,악기제조원 및 조율사,4.2,3.5,3.1,3.4,3.2,3.9,3.5,3.6,3.7,3.6,3.3,3.8,3.7,3.4,3.0,3.1
K000000895,건설·채굴관리자,4.1,3.1,4.4,3.9,4.1,4.0,4.1,4.1,4.1,4.0,3.9,3.4,4.1,3.7,3.1,4.4
K000000896,점화·발파·화약관리원,4.4,2.9,3.0,3.1,3.0,3.5,3.4,3.5,3.6,3.5,3.5,3.4,4.3,3.2,2.5,3.7
K000000897,철골공(강구조물건립원),4.2,3.1,3.4,3.4,3.5,3.8,3.6,3.7,3.9,3.6,3.5,3.6,3.9,3.7,3.1,3.9
K000000898,경제학연구원,4.5,3.8,3.2,4.7,3.3,4.2,4.2,4.2,3.8,3.9,3.8,3.9,4.0,3.0,3.4,3.7
K000000899,영화배우 및 탤런트,3.7,3.6,3.5,3.8,4.0,3.9,4.3,4.1,4.0,4.1,3.9,4.0,4.0,4.1,3.3,4.0
K000000900,통신망운영기술자,3.9,3.1,3.5,4.1,3.6,3.8,3.6,3.8,3.8,3.5,3.8,3.4,4.0,3.4,3.3,3.8
K000000901,연극 및 뮤지컬배우,4.4,3.9,3.8,4.1,4.4,4.4,4.0,4.2,4.5,4.2,4.1,4.0,4.5,4.2,3.7,4.1
K000000902,낙농종사원,3.3,3.2,2.8,3.1,2.7,3.5,3.1,2.9,3.7,3.1,3.3,3.3,3.7,2.8,2.6,2.8
K000000903,천문 및 기상학연구원,4.1,2.8,3.8,4.4,3.3,3.9,4.1,4.0,4.1,3.6,3.8,3.8,4.2,3.7,3.2,4.0
K000000904,숙박시설서비스원,4.1,3.5,3.5,3.4,4.2,3.7,4.3,4.0,4.0,4.1,3.9,4.0,4.0,4.4,3.1,4.1
K000000905,음료제조기계조작원,3.9,2.7,3.1,3.3,3.3,3.7,3.5,3.7,3.6,3.6,3.5,3.6,4.1,3.3,2.5,3.7
K000000906,대학교수,4.3,4.1,4.2,4.5,4.0,4.6,4.1,4.4,4.4,4.3,4.1,4.2,4.4,3.8,3.8,3.9
K000000907,채소·특용작물재배원,3.7,3.3,3.2,3.1,3.4,3.9,3.5,3.5,4.1,3.6,3.4,3.5,3.8,3.1,3.1,3.6
K000000908,보험인수심사원(언더라이터),4.5,3.4,3.1,4.3,3.6,3.6,4.1,4.4,3.8,4.0,3.9,4.1,3.9,3.1,2.7,3.9
K000000909,선박조립원,3.9,2.5,2.7,2.3,2.9,3.2,3.3,3.1,3.3,3.4,3.3,3.0,3.4,2.9,2.2,3.2
K000000910,경찰·소방·교도관리자,3.9,2.9,4.0,3.5,3.8,3.8,3.9,4.0,3.8,3.9,3.7,4.1,4.3,3.5,3.0,3.7
K000000911,예능강사,3.9,3.8,4.0,3.5,4.0,4.0,4.0,4.2,4.0,3.6,4.0,3.6,4.1,4.1,3.5,3.8
K000000912,중고등학교 교장 및 교감,4.0,3.2,4.3,3.6,4.3,4.1,3.7,4.0,3.9,3.8,3.7,4.0,4.3,3.9,3.3,3.9
K000000913,홀서빙원,3.7,3.1,3.2,2.6,3.9,3.4,4.1,3.8,3.7,3.6,3.8,3.6,3.8,4.2,2.7,3.9
K000000914,헬리콥터정비원,4.1,3.2,3.4,3.4,3.4,3.8,3.6,3.7,3.5,3.5,3.6,3.4,3.7,3.3,2.9,3.6
K000000915,건축감리기술자,4.4,3.3,4.2,4.2,3.9,3.9,3.9,4.4,3.9,4.0,3.8,4.4,4.3,3.9,3.2,4.2
K000000916,상·하수도처리장치조작원,4.2,3.2,3.5,3.8,3.9,3.9,3.6,3.9,3.6,3.7,3.7,3.8,4.0,3.8,3.2,3.9
K000000917,전자부품·제품생산기계조작원,3.8,2.9,2.6,2.8,2.8,3.3,3.2,3.0,3.1,2.9,3.2,3.1,3.4,2.5,2.3,3.1
K000000918,무역사무원,4.6,2.9,3.1,3.4,3.8,3.8,3.9,4.2,3.7,3.4,3.9,3.7,4.0,3.6,2.8,4.1
K000000919,마케팅·광고·홍보관리자,4.1,3.4,4.0,4.3,4.1,4.2,3.8,4.0,3.9,3.5,4.1,3.3,4.4,3.4,4.0,4.4
K000000920,토양환경기술자 및 연구원,4.1,3.3,3.3,4.2,3.2,4.0,3.5,4.0,3.7,3.6,3.6,3.6,4.0,3.3,3.0,3.5
K000000921,선박교통관제사,4.4,4.1,4.1,4.1,3.9,4.4,4.1,4.2,4.3,4.4,4.0,4.3,4.7,4.0,3.5,4.0
K000000922,건축설비기술자,4.3,3.9,4.1,3.9,3.9,4.3,4.2,4.1,4.1,4.2,4.1,4.1,4.3,4.1,3.7,4.0
K000000923,단열공,3.7,3.0,3.0,2.4,3.1,3.4,2.7,3.4,3.1,3.2,3.0,3.1,3.4,2.8,2.3,3.0
K000000924,통신기기·장비기술자,4.3,3.1,3.7,4.5,3.8,4.1,4.1,4.4,4.0,3.8,3.8,3.8,4.0,3.8,3.6,4.1
K000000925,정부·공공행정전문가,4.3,3.1,3.7,4.0,4.1,3.8,4.0,4.2,4.1,3.9,3.7,4.2,4.1,3.8,3.2,4.4
K000000926,어부 및 해녀,3.8,3.0,2.8,3.1,3.1,3.8,3.7,3.5,4.0,3.6,3.5,3.1,3.8,3.2,2.3,3.3
K000000927,전기부품·제품생산기계조작원,3.6,3.2,2.3,2.8,2.7,3.2,2.9,3.1,3.1,2.9,2.7,3.1,3.3,2.7,2.6,2.9
K000000928,정신과의사,4.1,3.2,3.5,3.7,3.5,4.3,4.1,4.2,4.0,3.9,3.8,4.0,4.1,4.2,2.6,3.6
K000000929,수상운송사무원,3.8,2.9,3.3,3.2,3.3,3.6,3.9,3.7,3.6,3.8,3.7,3.1,4.1,3.5,2.7,3.6
K000000930,제품광고영업원,4.0,3.3,3.8,3.8,4.4,4.2,4.2,4.4,4.2,3.9,4.2,3.5,4.2,3.9,3.1,4.1
K000000931,보건·의료관리자,4.0,3.2,4.3,3.9,4.3,4.1,4.0,4.2,4.0,3.8,4.0,3.8,4.4,4.1,3.3,4.2
K000000932,유리부착원,4.3,3.1,2.8,3.1,3.2,3.3,3.4,3.6,3.4,3.0,3.3,3.4,3.4,3.1,2.5,3.3
K000000933,행정부고위공무원,3.7,3.0,4.3,3.5,3.9,4.1,3.6,4.3,3.8,3.6,3.7,4.1,4.4,4.0,3.2,3.8
K000000934,화학공학시험원,4.7,3.5,3.0,4.3,3.5,3.7,3.5,4.4,3.5,3.6,3.3,4.3,4.1,3.1,3.1,3.8
K000000935,가축사육종사원,3.6,3.0,3.0,3.3,2.9,3.4,3.4,3.6,3.5,3.3,3.3,3.4,3.7,3.3,3.1,3.2
K000000936,통신기술개발자 ,4.4,3.3,3.6,4.6,3.6,4.2,3.9,4.4,4.0,3.8,4.0,3.8,4.1,3.5,4.1,4.1
K000000937,신문기자,4.3,3.4,2.9,4.3,4.3,4.1,3.9,4.4,4.2,3.8,4.2,4.0,4.2,3.6,2.9,3.8
K000000938,대기환경기술자 및 연구원,3.9,2.8,3.4,4.2,3.2,3.7,3.3,3.9,3.4,3.1,3.5,3.7,3.9,3.3,3.1,3.6
K000000939,가정의학과의사,4.3,3.5,3.7,4.2,3.7,4.1,4.0,4.3,4.3,4.1,3.9,4.1,4.5,4.4,3.1,4.1
K000000940,건축시공기술자 및 견적원,4.6,3.1,3.8,3.9,4.0,4.1,4.2,3.9,4.3,3.7,3.9,3.5,4.1,3.2,2.8,4.3
K000000941,철도·전동차기관사,4.2,3.0,3.7,3.5,3.0,4.0,3.8,4.1,3.9,3.8,3.4,3.3,4.2,3.5,2.6,3.7
K000000942,재료(금속)공학기술자,4.3,3.5,3.5,4.6,3.6,4.2,4.2,4.2,4.2,3.9,3.7,4.2,4.3,3.3,4.0,4.2
K000000943,종이제품생산기계조작원,3.5,2.3,2.3,2.4,2.8,2.8,2.8,2.9,2.8,3.0,2.7,2.8,3.1,2.7,2.2,3.0
K000000944,경영·진단전문가,4.3,3.4,3.9,4.5,3.9,4.0,4.3,4.0,4.1,4.1,4.0,3.6,4.3,3.6,3.9,4.2
K000000945,금속가공기계조작원,3.9,3.2,2.9,3.1,3.2,3.5,3.3,3.6,3.5,3.2,3.3,3.5,3.4,3.0,2.9,3.3
K000000946,도료 및 농약품화학공학기술자 및 연구원,4.3,3.4,3.3,4.3,3.3,4.0,4.0,4.0,3.8,3.5,3.8,3.6,4.0,3.3,3.9,3.9
K000000947,문리학원강사,3.8,3.1,3.5,3.8,3.8,3.8,3.6,3.8,3.6,3.5,3.5,3.7,3.9,3.4,3.3,3.1
K000000948,소아청소년과의사,4.4,3.6,3.7,4.1,4.0,4.2,4.0,4.1,4.1,4.0,3.8,4.1,4.2,4.4,3.3,3.7
K000000949,철학연구원,3.7,3.6,3.7,4.0,3.5,3.8,3.8,4.0,3.9,3.7,3.7,3.9,4.0,3.8,3.2,3.6
K000000950,음식서비스관리자,3.8,3.0,4.2,3.5,4.1,4.0,3.8,4.0,4.0,3.8,3.5,3.7,4.2,4.0,3.5,4.0
K000000951,모델,4.1,3.2,3.6,3.2,3.8,4.5,4.1,3.7,4.5,4.2,3.8,3.5,4.2,3.7,3.2,3.6
K000000952,매장계산원 및 요금정산원,3.5,2.6,2.6,2.9,3.4,3.3,3.5,3.4,3.7,3.5,3.4,3.7,3.4,3.8,2.6,3.6
K000000953,소방공학기술자 및 연구원,4.1,3.5,3.9,3.6,3.7,4.0,3.7,4.0,3.7,3.5,3.7,3.7,4.1,3.4,3.0,3.8
K000000954,하역·적재종사원,3.5,2.7,2.5,2.4,3.1,3.4,3.0,3.1,3.4,3.3,3.1,3.2,3.4,2.8,2.3,2.9
K000000955,행사기획자,4.4,3.4,4.3,3.7,4.2,4.4,4.1,4.0,4.2,3.7,4.3,3.3,4.5,3.6,3.8,4.4
K000000956,건축구조기술자,4.5,3.6,3.6,4.4,3.3,4.2,3.9,4.3,4.2,4.0,3.6,3.9,4.3,3.3,2.9,3.9
K000000957,스포츠강사,3.4,3.5,3.5,2.7,3.5,3.6,3.5,3.5,3.3,3.1,3.0,3.4,3.9,3.2,3.1,3.4
K000000958,방송장비설치·수리원,3.9,3.4,3.5,3.4,3.4,3.9,3.7,3.8,3.5,3.7,3.7,3.6,3.7,3.5,3.0,3.8
K000000959,축산학 및 수의학연구원,4.5,3.5,3.2,4.5,3.5,4.1,4.0,4.3,3.7,3.6,3.7,3.8,4.2,3.5,3.5,3.8
K000000960,화학연구원,4.4,3.4,3.6,4.8,3.3,4.3,4.0,4.4,4.3,4.1,3.7,4.4,4.4,3.6,4.1,4.2
K000000961,사무용 전자기기설치·수리원,4.3,3.3,3.3,3.7,3.7,4.0,3.8,3.8,4.0,3.7,3.6,3.5,3.7,3.7,3.0,3.5
K000000962,도금·금속분무기조작원,4.3,3.0,3.0,3.2,3.3,3.6,3.4,3.5,3.6,3.4,3.3,3.5,3.4,3.0,2.7,3.4
K000000963,컴퓨터설치·수리원,4.1,2.9,3.1,3.2,3.3,3.5,3.7,3.5,3.4,3.6,3.5,3.5,3.7,3.3,2.8,3.2
K000000964,건설배관공,4.1,3.0,3.2,3.6,3.6,3.8,3.5,3.9,3.5,3.6,3.6,3.4,3.9,3.4,2.8,3.7
K000000965,의복·가죽·모피수선원,4.2,3.2,3.1,2.9,3.0,3.5,3.5,3.7,3.5,3.4,3.3,3.5,3.5,3.5,2.9,3.2
K000000966,잡지기자,4.3,3.6,3.4,4.0,4.2,3.9,3.5,4.1,4.0,3.5,4.2,4.0,4.3,3.8,3.2,3.9
K000000967,기술·기능계강사,3.7,3.4,3.8,3.4,3.8,3.9,3.7,3.9,3.8,3.5,3.4,3.5,3.9,3.6,2.8,3.6
K000000968,네트워크시스템개발자,4.5,3.3,3.7,4.2,3.7,3.8,3.9,4.3,4.1,3.6,3.6,3.6,4.3,3.7,3.2,4.3
K000000969,예술·디자인·방송관리자,3.9,3.4,3.9,3.5,4.0,3.7,3.6,4.1,3.6,3.7,3.8,3.5,4.2,3.7,3.5,4.0
K000000970,식품공학시험원,4.4,3.5,3.1,4.4,3.2,4.0,3.8,4.0,3.9,3.8,3.7,4.2,4.1,3.5,3.0,3.8
K000000971,가구조립원,4.1,3.2,3.3,3.2,3.5,3.7,3.5,3.5,3.5,3.1,3.4,3.1,3.6,3.4,2.9,3.5
K000000972,네일아티스트,4.2,3.0,2.6,2.6,3.6,3.8,3.0,3.6,3.8,3.0,3.1,3.2,3.4,3.2,2.9,3.0
K000000973,임학 및 산림학연구원,3.9,3.6,3.6,4.2,3.8,4.0,4.0,3.9,4.0,4.0,3.7,4.2,4.2,3.8,3.2,4.1
K000000974,선장 및 항해사,3.7,3.1,3.5,3.4,3.1,3.7,3.5,3.9,3.7,3.5,3.4,3.8,3.8,3.6,2.5,3.0
K000000975,발전설비기술자,4.1,3.6,3.8,4.4,3.7,4.1,3.8,4.3,4.0,3.7,3.9,4.0,4.2,3.8,3.3,4.0
K000000976,선박정비원,3.5,2.7,3.3,3.7,3.1,4.1,3.5,3.6,3.5,3.3,3.4,3.2,4.1,3.7,2.9,3.5
K000000977,보험대리인 및 중개인,4.2,3.8,3.8,3.9,4.3,4.3,4.1,4.6,4.2,4.0,4.1,4.1,4.3,4.1,3.3,4.1
K000000978,IT기술지원전문가,4.5,3.3,3.7,4.5,3.7,4.2,4.2,4.4,4.1,4.0,4.1,3.7,4.4,3.5,3.5,4.3
K000000979,오락시설서비스원,3.1,2.5,2.4,2.5,3.3,2.9,3.2,3.1,3.2,3.0,2.8,3.0,3.2,3.3,2.3,3.0
K000000981,레크리에이션전문가,3.2,3.1,3.3,2.9,3.6,3.6,3.0,3.5,3.4,3.0,3.2,3.0,3.3,3.5,3.0,3.6
K000000982,패스트푸드준비원,3.3,2.6,2.4,2.4,3.0,2.8,2.8,3.2,2.7,2.6,3.2,2.9,3.1,3.5,2.1,3.4
K000000983,잠수기능원,3.5,3.1,3.6,3.5,3.1,3.6,3.6,3.6,3.5,3.4,3.4,3.1,3.8,3.7,3.4,3.6
K000000984,전자제품 및 부품 개발기술자,4.4,3.4,3.6,4.6,3.6,4.4,4.2,4.4,4.3,3.9,3.9,3.6,4.5,3.5,3.8,4.0
K000000985,조경기술자,4.4,3.2,3.8,4.2,3.8,3.9,3.9,4.1,3.8,3.6,4.0,3.4,4.2,3.4,3.4,4.1
K000000986,화학제품생산기계조작원(고무·플라스틱 제외),4.2,3.1,3.3,3.6,3.6,3.7,3.5,3.8,3.8,3.5,3.6,3.7,3.8,3.5,2.9,3.6
K000000987,자산운용가,4.6,3.9,3.8,4.5,4.1,4.4,4.2,4.4,4.0,4.2,3.9,4.3,4.4,3.1,3.0,4.0
K000000988,인쇄기계조작원,4.3,2.9,2.8,2.8,3.3,3.5,3.7,3.7,3.7,3.4,3.3,3.7,3.6,2.9,2.8,3.4
K000000989,환경∙청소∙경비 관련 관리자,4.0,3.4,4.3,3.2,3.9,4.0,3.7,3.9,3.7,3.5,3.7,3.8,4.2,3.5,2.8,3.7
K000000990,대학교 총장 및 대학학장,4.1,3.5,4.6,4.0,4.2,4.5,4.0,4.3,4.3,4.0,3.8,4.1,4.4,4.0,4.0,3.9
K000000991,여행·호텔관리자,3.8,3.5,4.2,3.9,4.0,4.3,4.1,4.1,3.9,3.8,3.8,4.0,4.2,3.9,3.8,4.1
K000000992,토목구조설계기술자,4.5,3.2,3.7,4.1,3.9,4.1,4.3,4.3,4.0,3.8,3.9,3.7,4.3,3.6,3.0,4.3
K000000993,약사,4.5,3.3,3.4,4.1,3.8,3.6,4.0,4.3,4.0,3.8,3.7,4.2,4.2,3.9,2.8,4.0
K000000994,컴퓨터하드웨어기술자,4.5,3.0,3.4,4.3,3.6,4.2,4.0,4.3,3.9,3.7,3.7,4.0,4.2,3.6,3.6,3.8
K000000995,일반행정공무원,4.1,3.1,3.3,3.6,4.0,3.7,4.1,4.3,4.0,3.9,3.8,4.1,3.9,3.6,2.8,3.9
K000000996,가구제조·수리원,4.1,3.1,2.8,3.0,3.0,3.5,3.4,3.6,3.6,3.3,3.0,3.4,3.8,2.9,2.7,3.4
K000000997,상품기획자,4.6,3.6,4.1,4.2,4.3,4.3,4.3,4.2,3.9,3.9,4.3,3.7,4.6,3.6,3.9,4.2
K000000998,의약품공학기술자 및 연구원,4.5,3.2,3.9,4.7,3.8,4.4,4.1,4.5,4.2,3.7,3.8,4.4,4.4,3.4,3.8,4.2
K000000999,세탁원(다림질원),4.0,2.9,2.7,2.6,2.8,3.4,3.0,3.4,3.1,2.9,2.7,3.2,3.4,3.1,2.6,3.0
K000001000,제품디자이너,4.6,3.5,3.7,4.3,3.9,4.4,4.3,4.0,4.3,3.9,4.3,3.2,4.4,3.7,4.3,4.3
K000001001,생산관리사무원,4.3,3.2,4.1,3.9,4.2,3.5,4.3,4.0,3.8,3.6,4.0,3.4,4.0,3.6,2.8,4.4
K000001002,항공운송사무원,4.2,3.2,3.7,3.7,3.5,3.8,3.8,3.8,3.6,3.5,3.7,3.5,4.1,3.5,2.9,3.6
K000001003,재활용 처리장치·소각로조작원,3.5,2.8,3.0,2.9,3.2,3.3,3.2,3.1,3.5,3.1,3.1,3.0,3.5,3.4,2.7,3.5
K000001004,기술영업원,4.1,3.3,3.8,3.9,4.4,4.4,4.2,4.3,4.2,3.9,3.9,3.6,4.3,3.9,3.1,4.3
K000001005,주입·포장·상표부착기계조작원,3.9,2.7,2.9,3.4,3.6,3.9,4.1,3.6,3.8,3.5,3.6,3.6,3.8,3.9,3.0,3.9
K000001006,주조원(주조기조작원),4.4,3.1,3.0,3.3,2.7,3.9,3.2,3.8,3.4,3.3,3.3,3.5,3.7,3.0,3.1,3.5
K000001007,사진작가 및 사진사,4.1,3.1,3.0,2.6,3.4,3.9,3.5,3.4,3.7,3.6,3.6,3.2,3.6,3.6,3.2,3.6
K000001008,패션소품디자이너,4.2,3.7,3.5,3.7,3.8,4.2,3.8,4.0,3.9,3.5,4.0,3.4,4.1,3.6,3.8,3.7
K000001009,석유·천연가스제조제어장치조작원,4.2,3.6,3.5,4.3,3.9,4.1,3.8,4.0,3.9,3.7,4.2,4.1,4.2,4.1,3.3,4.0
K000001010,도로운송사무원,4.2,3.3,3.3,3.4,3.8,3.8,4.1,3.8,3.7,3.5,4.0,3.8,4.0,3.9,2.9,3.8
K000001011,수의사,4.5,3.5,3.5,4.2,3.7,4.1,4.1,4.4,4.0,4.1,3.9,4.2,4.3,3.7,3.0,3.9
K000001012,수산학연구원,4.1,3.4,3.3,4.3,3.3,4.0,3.9,4.0,3.8,3.7,3.5,3.7,4.3,3.5,2.8,3.8
K000001013,냉·난방설비조작원,4.4,3.3,3.5,3.9,3.8,3.7,3.6,4.0,3.8,3.8,3.7,3.9,4.2,3.9,2.9,3.9
K000001014,건축가(건축설계사),4.4,3.1,3.8,4.0,4.0,4.2,4.1,4.2,4.1,3.8,3.8,3.3,4.3,3.8,3.4,4.2
K000001015,신발제조기계조작원 및 조립원,4.0,3.0,2.8,3.0,3.0,3.7,3.4,3.3,3.6,3.3,3.2,3.5,3.6,2.9,2.8,3.1
K000001016,곡물가공제품기계조작원,3.6,2.7,2.6,2.8,3.1,3.5,3.3,3.1,3.6,3.3,3.0,3.2,3.5,3.1,2.6,3.1
K000001017,방사선사,4.2,3.2,3.1,3.5,3.4,3.8,3.6,3.9,3.6,3.3,3.6,3.6,3.7,3.9,2.7,3.8
K000001018,전기·가스·수도관리자,4.1,3.4,3.8,3.9,4.0,4.2,3.6,4.1,3.9,3.8,4.0,3.8,4.3,3.4,3.2,4.0
K000001019,학예사,4.4,3.3,3.9,3.7,3.8,4.2,3.7,4.2,3.9,3.6,4.1,3.9,4.3,3.9,3.8,4.2
K000001020,간판제작·설치원,4.2,3.1,3.4,3.3,3.7,4.0,3.7,3.5,3.7,3.5,4.0,3.7,3.9,3.5,3.3,3.7
K000001021,지리정보시스템전문가,4.1,3.0,3.6,3.7,3.6,3.5,3.4,3.6,3.5,3.1,3.4,3.4,3.6,3.4,3.2,3.6
K000001022,품질관리사무원,4.7,3.6,3.7,4.2,3.7,3.8,4.3,4.6,4.0,3.9,3.8,4.3,4.1,3.4,3.0,4.4
K000001023,공업기계설치 및 정비원,4.0,3.4,3.3,3.7,3.5,3.5,3.8,3.7,3.5,3.8,3.6,3.6,3.6,3.7,3.4,3.5
K000001024,제분·도정기계조작원,3.4,2.5,2.5,2.6,2.6,3.1,3.1,2.9,3.1,2.9,3.0,3.2,3.5,2.8,2.3,2.8
K000001025,미디어콘텐츠창작자(크리에이터),4.1,3.3,4.1,3.6,4.1,4.2,3.7,4.2,4.3,3.8,3.9,3.5,4.3,3.7,3.6,4.1
K000001026,소음진동기술자 및 연구원,3.9,3.3,3.4,3.9,3.3,3.7,3.5,3.8,3.7,3.5,3.5,3.7,3.7,3.5,3.2,3.7
K000001027,스포츠감독 및 코치,3.6,3.7,4.4,3.8,3.6,4.1,3.9,3.7,4.2,4.0,3.8,3.8,4.1,3.9,3.3,3.8
K000001028,영업·판매관리자,4.0,3.3,3.9,4.0,3.8,4.3,3.8,4.5,4.0,3.7,4.0,3.7,4.2,3.9,3.5,4.1
K000001029,영화시나리오작가,4.1,3.9,3.3,3.7,3.5,4.1,4.0,3.7,4.1,4.0,3.6,3.6,4.1,3.7,3.7,3.6
K000001030,철도기관차·전동차정비원,4.2,3.4,3.6,3.7,3.7,3.7,3.8,3.6,3.7,3.4,3.6,3.6,4.1,3.8,3.1,3.7
K000001031,보일러설치·정비원,4.1,3.1,2.8,2.8,3.1,3.4,3.4,3.3,3.3,2.9,3.0,3.4,3.9,3.1,2.6,3.0
K000001032,정보통신관리자,4.3,3.5,4.5,4.3,3.9,4.4,4.5,4.6,4.3,4.1,4.1,4.1,4.6,3.9,3.8,4.4
K000001033,제화원,4.2,2.9,2.7,2.8,3.1,3.5,3.1,3.3,3.4,3.1,3.1,3.3,3.4,3.1,2.9,3.0
K000001034,섀시조립·설치원,4.4,3.4,3.5,3.7,3.7,4.1,4.2,3.6,4.1,3.5,4.1,3.7,4.2,3.7,3.5,3.9
K000001035,조경원,3.9,2.9,2.7,2.8,3.1,3.5,3.3,3.4,3.5,3.2,3.1,3.0,3.6,3.2,2.6,3.5
K000001036,가스·에너지시험원 및 진단전문가,4.3,3.7,3.7,4.4,3.6,4.0,3.4,4.0,3.8,3.7,3.8,4.1,4.1,4.0,3.7,3.9
K000001037,유리·유리제품생산기계조작원,3.8,3.1,3.0,3.1,3.2,3.4,3.4,3.5,3.4,3.3,3.2,3.3,3.7,3.1,2.9,3.4
K000001038,방수공,4.2,3.5,3.4,3.5,3.2,3.9,3.3,3.8,3.6,3.4,3.5,3.3,4.0,3.3,3.3,3.6
K000001039,통신장비설치·수리원,4.3,2.8,3.0,3.2,3.7,3.8,3.6,3.9,3.6,3.5,3.5,3.6,3.8,3.2,2.4,3.8
K000001040,관세행정사무원,4.4,2.9,2.9,3.4,3.3,3.7,3.6,4.1,3.5,3.6,3.3,4.3,4.0,3.3,2.6,3.3
K000001041,방송송출장비기사,4.1,3.5,3.5,3.6,3.6,4.0,3.9,3.9,3.8,3.6,4.0,3.3,4.2,3.8,3.1,3.8
K000001042,모바일앱개발자,4.4,2.9,3.2,4.7,3.3,4.4,3.9,4.4,4.2,3.7,3.8,3.4,4.5,3.7,3.3,4.3
K000001043,농업용 및 기타기계장비설치 및 정비원,4.2,3.5,3.6,3.9,3.7,4.0,3.7,3.9,4.1,3.7,3.7,4.0,4.2,3.8,3.6,3.9
K000001044,바텐터,3.8,3.5,3.4,3.4,3.7,3.7,3.5,3.8,3.8,3.6,3.4,3.8,3.6,3.9,3.6,3.7
K000001045,과실·채소기계조작원,3.4,2.7,2.6,2.5,2.8,3.2,3.1,3.0,3.0,2.8,2.8,3.2,3.4,2.8,2.3,2.9
K000001046,전통건축기능원,3.9,3.0,3.4,3.3,3.3,3.6,3.4,3.4,3.7,3.7,3.4,3.5,3.6,3.5,3.1,3.2
K000001047,고무·플라스틱 제품 조립원,4.0,2.9,2.5,2.8,3.0,3.4,3.3,3.4,3.3,3.4,3.5,3.3,3.8,3.3,2.6,3.3
K000001048,생물학연구원,4.6,3.6,3.4,4.6,3.3,4.3,3.9,4.6,4.3,3.6,3.9,4.3,4.1,3.4,4.0,3.9
K000001049,심리상담전문가,4.0,3.6,3.8,4.1,4.3,4.2,4.5,4.6,4.4,4.3,4.2,4.4,4.5,4.6,3.2,4.2
K000001050,상품대여원,3.7,3.3,3.3,3.1,3.1,3.4,3.3,3.4,3.4,3.1,3.2,3.5,3.5,3.3,2.7,3.2
K000001051,통역가,4.2,3.6,3.4,3.9,4.0,4.1,3.8,4.0,4.0,3.9,3.9,4.0,4.0,4.0,3.3,4.1
K000001052,사회학연구원,4.4,3.5,3.4,4.7,3.6,4.2,3.9,4.4,4.0,3.6,3.7,3.8,4.2,3.4,3.2,3.9
K000001053,타일·대리석시공원,4.2,2.8,2.9,2.6,3.0,3.8,3.3,3.7,3.6,3.2,3.3,3.5,3.7,3.0,2.5,3.3
K000001054,화학물가공장치조작원,4.1,3.2,3.1,3.6,3.3,3.9,3.6,3.8,3.7,3.6,3.5,3.7,3.7,3.4,3.1,3.8
K000001055,용접원(용접기조작원),4.2,3.2,2.7,3.0,3.4,3.9,3.5,3.5,4.0,3.9,3.2,3.2,4.2,3.0,2.9,3.3
K000001056,양식원,3.6,2.8,2.5,2.4,3.1,3.6,2.6,3.1,3.6,2.8,3.0,3.2,3.4,3.0,2.7,3.1
K000001057,세탁기계조작원,3.4,3.1,2.8,3.0,3.1,3.4,3.5,3.3,3.4,3.2,3.3,3.3,3.5,3.2,2.7,3.4
K000001058,자연 및 문화해설사,3.9,3.0,3.8,3.2,3.6,3.9,3.2,3.9,3.4,3.3,3.6,3.8,4.1,4.2,2.8,3.7
K000001059,경영지원관리자,4.2,3.6,4.2,4.1,4.0,4.0,4.2,4.3,4.0,4.2,3.9,4.4,4.2,3.6,3.5,4.2
K000001060,시각디자이너,4.6,3.4,3.4,3.7,3.5,4.3,4.3,3.7,4.1,3.4,4.3,3.1,4.4,3.6,4.3,4.1
K000001061,웹운영자,4.5,3.3,3.9,4.3,3.5,4.2,4.1,4.0,4.1,3.7,4.0,3.4,4.3,3.3,3.5,4.5
K000001062,철로설치·보수원,3.8,2.1,2.4,2.5,2.9,3.0,3.2,2.7,3.0,2.4,3.0,2.5,3.0,2.4,2.1,3.0
K000001063,식품공학기술자 및 연구원,4.5,3.4,3.4,4.4,3.3,4.0,4.0,4.1,4.0,3.6,3.9,3.7,4.1,3.2,3.7,3.9
K000001064,보건위생·환경검사원,4.2,3.3,3.6,4.0,3.5,3.8,3.7,4.0,3.6,3.5,3.9,4.1,4.0,3.7,3.1,3.6
K000001065,중·고등학교교사,4.0,3.3,3.8,3.5,4.0,4.0,4.0,4.3,4.3,3.9,3.7,4.0,4.0,3.9,3.1,3.9
K000001066,청소원,3.5,3.0,2.4,2.3,2.6,3.0,3.3,3.4,3.4,3.2,3.1,3.1,3.6,3.1,2.5,3.2
K000001067,토목감리기술자,4.2,3.3,3.8,3.6,3.4,3.8,3.6,3.9,3.7,3.7,3.6,3.7,3.8,3.5,2.8,3.6
K000001068,피부과의사,4.6,3.7,3.8,3.9,3.8,4.4,3.9,4.2,4.0,3.9,4.0,4.1,4.2,4.1,3.6,3.7
K000001069,광고·홍보·마케팅사무원,4.1,3.4,3.7,4.2,4.2,4.0,4.4,4.1,4.0,3.7,4.2,3.5,4.3,3.8,3.6,4.3
K000001070,자동차정비원,4.5,3.6,3.5,3.9,3.8,4.1,3.9,3.8,3.8,3.8,3.8,4.1,4.2,3.6,3.2,3.8
K000001071,방사선과의사,4.3,3.5,3.6,4.4,3.6,4.5,3.9,4.2,4.1,3.7,3.6,3.8,4.3,3.9,3.2,3.9
K000001072,섬유제조기계조작원,3.9,2.7,2.6,3.0,2.9,3.3,3.1,3.2,3.4,3.0,3.1,3.2,3.7,2.8,2.6,3.4
K000001073,토목시공기술자 및 견적원,4.2,3.1,4.0,3.9,3.9,4.0,4.3,4.0,4.2,3.8,3.9,3.7,4.2,3.4,3.0,4.1
K000001074,통신장비기사,4.2,3.0,2.7,3.5,3.1,3.5,3.5,3.7,3.2,3.2,3.3,3.5,3.5,3.0,2.5,3.4
K000001075,방송·통신·인터넷케이블 설치·수리원,4.4,3.4,3.3,3.3,3.4,3.7,3.9,3.7,3.8,3.6,3.6,3.5,4.0,3.7,2.7,3.7
K000001076,자동조립라인·산업용 로봇조작원,4.1,3.1,2.9,3.6,3.1,3.7,3.7,3.8,3.6,3.2,3.5,3.3,3.7,3.4,3.2,3.7
K000001077,공예원,4.2,3.5,3.4,3.2,3.4,3.9,3.6,3.4,4.0,3.2,3.0,3.3,3.5,3.0,2.9,3.2
K000001078,목재가공기계조작원,3.9,2.9,2.8,2.7,3.0,3.3,3.0,3.0,3.2,3.0,2.8,2.8,3.4,3.2,2.7,3.2
K000001079,경영기획사무원,4.4,3.4,3.9,4.4,4.0,3.8,4.1,4.2,4.0,3.9,3.9,3.9,4.2,3.7,3.6,4.4
K000001080,데이터분석가(빅데이터분석가),4.2,3.2,3.5,4.7,3.4,4.2,3.4,4.3,3.9,3.3,3.9,3.5,3.9,3.2,3.7,3.9
K000001081,정부행정관리자,4.0,3.2,4.1,3.8,3.8,4.1,4.0,4.2,3.7,3.7,4.0,4.0,4.3,3.7,3.4,4.0
K000001082,기계‧로봇공학시험원,4.4,3.1,3.5,4.2,3.8,4.1,3.8,4.2,3.9,3.6,3.7,4.0,4.0,3.6,3.7,4.0
K000001083,외선전기공,3.5,2.9,3.0,2.9,2.5,3.3,3.0,3.0,3.1,2.9,3.2,2.9,3.5,3.2,2.7,3.1
K000001084,태양광발전연구 및 개발자,3.9,3.0,3.4,3.9,3.5,3.8,3.3,3.8,3.7,3.3,3.4,3.4,3.9,3.6,3.7,3.6
K000001085,정보통신컨설턴트 및 감리원,4.2,3.5,4.1,4.3,4.2,4.3,4.3,4.6,3.9,4.0,4.1,3.9,4.2,3.9,3.4,4.4
K000001086,헬리콥터조종사,4.1,3.8,4.0,3.8,3.8,4.3,4.1,3.9,4.0,4.2,3.9,4.1,4.4,4.1,3.3,4.1
K000001087,발전·배전장치조작원,4.2,3.1,3.4,3.8,3.5,3.8,3.8,4.1,3.8,3.8,3.6,3.8,3.8,3.8,3.1,3.8
K000001088,언어치료사,3.8,2.7,3.3,3.3,3.6,3.8,3.7,3.6,3.8,3.5,3.5,3.2,3.8,4.0,2.5,3.4
K000001089,가수,3.8,3.6,3.7,3.6,3.8,4.2,4.2,3.8,4.1,4.2,3.9,3.8,4.3,4.1,3.6,4.0
K000001090,제도사(캐드원),4.6,3.3,3.3,4.1,3.3,4.0,4.0,4.1,4.2,3.8,3.8,3.4,4.2,3.2,3.7,4.0
K000001091,피부 및 체형관리사,4.0,3.2,3.0,3.1,3.7,3.8,3.6,3.8,3.7,3.6,3.6,3.5,3.8,3.9,2.7,3.5
K000001092,매표원 및 복권판매원,3.3,3.0,2.9,2.9,2.9,3.0,3.7,3.5,3.3,3.4,3.0,3.7,3.3,3.3,2.7,3.2
K000001093,여행상품개발자,4.6,3.4,4.1,3.7,4.5,4.1,4.1,4.4,4.2,4.1,4.1,3.6,4.5,4.1,3.6,4.5
K000001094,운송관리자,4.1,3.4,4.1,3.9,4.1,3.8,3.8,4.1,3.7,3.7,3.8,3.9,4.2,3.9,3.7,4.1
K000001095,내선전기공,4.2,3.3,3.8,3.7,3.6,4.0,3.6,4.1,3.9,3.9,3.7,3.7,4.0,3.8,3.0,3.8
K000001096,건설·채굴단순종사원,3.5,3.0,3.3,3.4,3.2,3.2,3.7,3.8,3.7,3.6,3.5,3.1,3.5,3.5,2.9,3.7
K000001097,환경시험원,3.9,3.4,3.3,3.9,3.4,3.6,3.5,3.8,3.4,3.4,3.5,3.7,3.9,3.4,2.9,3.6
K000001098,가전제품설치·수리원,3.8,3.4,3.1,3.5,3.3,3.6,3.6,3.5,3.7,3.7,3.9,3.6,3.8,3.6,2.9,3.5
K000001099,영상·녹화 및 편집기사,4.4,3.3,3.8,3.7,3.6,4.3,4.0,4.1,4.1,3.8,4.0,3.5,4.5,3.5,3.4,3.9
K000001100,기록물관리사,4.2,3.1,3.1,3.2,3.5,3.9,3.4,3.5,3.7,3.4,3.2,3.6,3.7,3.4,2.8,3.6
K000001101,조선·해양공학기술자,4.6,3.6,3.7,4.3,3.8,4.0,3.9,4.4,3.8,3.9,3.9,3.9,4.3,3.6,3.5,4.3
K000001102,미장공,4.1,3.1,2.8,2.4,3.4,3.3,3.2,3.6,3.4,3.1,3.3,3.4,3.3,3.1,2.5,3.6
K000001103,건설기계공학기술자 및 연구원,4.3,3.5,3.7,4.1,3.6,4.1,3.9,4.2,4.0,3.9,3.8,4.0,4.1,3.5,3.7,4.0
K000001104,신용추심원,4.0,3.3,3.4,3.4,3.7,4.1,3.8,3.8,4.0,3.7,3.6,3.6,4.1,3.4,3.0,3.3
K000001105,식품·담배등급원,4.2,3.0,3.3,3.7,3.5,4.1,3.6,3.6,3.8,3.7,3.5,4.0,3.9,3.4,2.9,3.7
K000001106,웹개발자,4.4,3.3,3.5,4.6,3.4,4.0,3.7,4.2,4.1,3.8,3.9,3.4,4.2,3.6,3.6,4.4
K000001107,크레인 및 지게차설치 및 정비원,4.0,3.3,3.2,3.4,2.9,3.7,3.2,3.6,3.5,3.5,3.5,3.0,3.8,3.1,2.8,3.2
K000001108,이비인후과의사,4.2,3.2,3.4,3.5,3.4,4.1,3.7,3.9,3.9,3.6,3.6,3.8,4.2,3.9,2.7,3.6
K000001109,통신기기·서비스판매원,3.8,3.4,3.3,3.3,3.9,3.9,3.5,4.0,3.9,3.6,3.7,3.7,4.0,3.9,3.1,3.8
K000001110,국악인,4.4,3.3,3.6,3.4,4.1,4.4,4.1,3.8,4.3,4.2,3.8,3.9,4.2,3.9,3.2,4.3
K000001111,광원·채석원 및 석재절단원,2.8,1.6,1.7,2.0,2.4,2.4,2.7,2.2,2.5,2.1,1.9,2.2,2.6,1.9,1.8,2.0
K000001112,금속공작기계조작원,4.1,2.9,3.4,3.5,3.2,3.5,3.5,3.7,3.8,3.6,3.7,3.4,3.9,3.3,3.1,3.3
K000001113,특수교육교사,3.9,2.7,3.2,3.3,3.3,3.8,3.1,3.8,4.1,3.1,3.1,3.7,3.8,4.1,2.6,3.5
K000001114,증권사무원,4.7,3.4,3.6,4.4,4.0,4.0,4.3,4.4,3.9,4.0,3.9,4.0,4.2,3.4,3.2,4.3
K000001115,양장·양복제조원,4.2,3.2,2.7,2.9,2.9,3.4,3.1,3.2,3.2,3.0,3.1,3.5,3.4,2.9,3.0,2.9
K000001116,만화영화작가(애니메이터),4.3,3.4,3.4,3.4,3.4,4.2,3.9,3.4,3.9,3.9,3.8,3.5,4.3,3.5,3.9,3.9
K000001117,건축목공,4.1,3.0,3.1,3.3,3.2,3.6,3.2,3.4,3.4,3.2,3.4,3.3,3.6,3.2,3.2,3.4
K000001118,전기·전자설비조작원,4.4,3.0,3.4,3.8,3.7,3.7,3.7,4.2,3.4,3.6,3.8,3.7,3.8,3.5,2.9,4.2
K000001119,문화재보존원,4.3,3.6,3.2,3.7,3.2,3.9,3.3,3.7,4.1,3.2,3.2,3.5,3.8,3.3,2.6,3.5
K000001120,교통영향평가원,3.9,3.1,3.4,3.7,3.2,3.7,3.4,3.8,3.7,3.3,3.6,3.6,4.0,3.5,3.3,3.5
K000001121,이동전화기수리원,4.4,3.5,3.2,3.8,3.5,3.6,3.8,4.0,4.0,3.8,3.8,3.9,4.1,4.1,3.5,3.8
K000001122,재단사,4.2,2.7,2.3,2.6,2.9,3.4,3.0,3.1,3.4,2.9,3.0,3.2,3.4,2.6,2.3,3.1
K000001123,섬유공학기술자,4.2,3.6,3.7,4.4,3.9,4.1,4.2,4.4,4.0,3.9,3.9,4.0,4.2,3.6,4.0,4.3
K000001124,플라스틱제품생산기계조작원,3.8,3.1,3.4,3.2,3.2,3.4,3.1,3.5,3.3,3.3,3.2,3.5,3.5,3.2,3.0,3.2
K000001125,수학 및 통계연구원,4.0,3.7,3.6,4.1,3.4,3.8,3.6,3.8,3.9,3.6,3.6,3.6,3.9,3.4,3.3,3.5
K000001126,개그맨 및 코미디언,3.2,4.0,3.8,3.0,3.9,4.0,3.5,3.8,4.1,3.7,3.9,3.0,4.3,3.3,3.6,3.6
K000001127,의료코디네이터,3.9,2.6,3.2,3.2,3.8,3.7,3.3,3.8,3.7,3.4,3.2,3.4,3.7,3.5,2.5,3.4
K000001128,상점판매원,3.9,2.9,3.4,3.1,3.8,3.5,3.7,3.8,3.7,3.7,3.9,3.6,3.5,3.8,2.9,3.8
K000001129,마취병리과의사,4.3,3.5,3.3,3.6,3.2,3.8,3.5,3.9,3.7,3.2,3.3,3.7,3.8,3.8,2.9,3.6
K000001130,열차객실승무원,3.6,3.2,2.9,2.7,3.3,3.4,2.9,3.4,3.2,3.2,3.1,3.3,3.6,3.7,2.6,3.6
K000001131,출납창구사무원,4.6,2.7,2.9,3.2,4.1,3.7,3.9,4.3,3.9,3.9,3.2,4.4,4.0,3.8,2.4,3.8
K000001132,정보시스템운영자,4.4,3.5,3.4,4.1,3.4,3.8,4.1,4.3,3.9,3.7,3.7,3.7,4.0,3.7,3.1,4.2
K000001133,내과의사,4.3,3.5,3.8,4.2,3.8,4.1,4.2,4.4,4.1,4.1,3.9,4.1,4.5,4.2,2.8,4.0
K000001134,데이터베이스운영·관리자,4.6,3.1,3.5,4.3,3.6,3.9,4.0,4.3,3.9,3.6,3.6,3.8,4.1,3.4,3.2,4.2
K000001135,전기·전자부품·제품조립원,4.2,2.7,2.6,3.1,2.9,3.3,3.7,3.4,3.4,3.3,3.3,3.2,3.5,2.9,2.7,3.3
K000001136,은행사무원,4.6,3.2,3.7,4.0,4.1,3.9,4.0,4.4,4.0,4.2,3.7,4.4,4.1,3.9,2.9,4.1
K000001137,신호원 및 수송원,3.4,3.1,2.9,3.2,3.7,3.6,3.7,3.6,3.8,3.7,3.6,3.7,4.0,4.2,2.3,3.2
K000001138,방송연출가,4.3,3.5,4.2,3.8,4.1,4.2,4.1,4.1,4.1,3.8,4.1,3.5,4.3,3.8,4.0,4.0
K000001139,조사전문가,4.6,3.1,3.5,4.6,3.5,4.0,4.0,4.3,4.1,3.8,3.7,3.4,4.0,3.6,3.0,4.1
K000001140,의학연구원,4.5,3.8,3.7,4.5,3.3,4.2,4.0,4.3,4.1,3.8,3.8,4.4,4.2,3.6,4.0,4.0
K000001141,비누 및 화장품화학공학기술자 및 연구원,4.6,3.6,3.7,4.4,3.3,4.2,3.8,4.3,3.7,3.5,3.8,3.9,4.3,3.2,4.3,3.9
K000001142,건축안전·환경기술자 및 건축품질기술자,4.3,3.3,4.0,3.9,4.0,4.1,4.1,4.2,4.1,4.2,3.7,4.0,4.4,3.8,3.1,4.3
K000001143,소규모판매점장,4.0,3.2,3.7,3.5,4.0,3.8,3.7,3.7,3.8,3.6,3.8,3.6,4.0,3.7,3.1,3.6
K000001144,영양사,4.0,3.1,3.3,3.2,3.4,3.6,3.3,3.8,3.5,3.2,3.4,3.8,3.9,3.7,2.9,3.4
K000001145,직조기 및 편직기조작원,3.6,2.6,2.7,2.5,2.7,3.2,2.7,3.1,2.7,2.6,2.9,2.8,2.9,2.7,2.1,3.0
K000001146,산부인과의사,4.3,3.8,3.7,4.3,3.6,4.4,4.1,4.2,4.4,4.2,3.8,4.0,4.5,4.1,3.2,3.9
K000001147,위험관리원,4.2,3.6,3.4,3.7,3.4,3.4,3.6,4.1,3.6,3.7,3.5,4.0,4.0,3.7,3.0,3.9
K000001148,단조원(단조기조작원),3.4,2.5,2.4,3.0,2.8,3.3,3.0,3.3,3.3,3.1,2.9,2.6,3.4,2.7,2.4,2.9
K000001149,교재·교구 및 이러닝교육전문가,4.3,3.5,4.0,4.4,4.1,3.9,3.8,4.1,3.9,3.8,4.0,3.9,4.0,4.0,3.7,4.0
K000001150,시설·특수경비원,3.8,2.8,3.3,3.0,3.5,3.7,3.3,3.6,3.7,3.6,3.4,3.3,3.8,3.5,2.4,3.7
K000001151,섬유공학시험원,3.9,2.9,2.7,3.4,2.7,3.7,3.3,3.5,3.7,3.3,3.5,3.3,3.6,3.1,2.4,3.0
K000001152,타이어·고무제품생산기계조작원,4.4,2.7,2.7,3.6,3.5,3.9,4.1,3.6,3.8,3.7,4.0,3.9,4.3,3.9,2.9,3.8
K000001153,IT테스터 및 IT QA전문가,4.6,3.2,3.4,4.1,3.7,3.6,3.8,4.5,3.9,3.6,3.7,4.0,4.2,3.6,2.8,4.1
K000001154,온라인판매원,4.3,3.3,3.7,4.2,4.3,4.2,4.1,4.2,3.8,3.6,4.1,3.6,4.2,3.5,3.4,4.2
K000001155,철도·지하철운송사무원,3.7,3.3,3.3,3.1,3.4,3.2,3.5,3.5,3.4,3.4,3.5,3.5,3.9,3.5,3.0,3.5
K000001156,환경미화원 및 재활용품수거원,3.1,2.3,2.0,1.9,2.7,2.7,2.7,2.7,2.8,2.5,2.8,2.7,2.8,3.1,1.9,3.0
K000001157,농림어업시험원,3.8,2.9,3.8,3.8,3.7,3.7,3.3,3.7,3.5,3.5,3.6,3.8,3.8,3.5,3.5,3.6
K000001158,산업전기공,3.8,3.0,2.9,3.1,3.5,3.5,3.0,3.3,3.2,3.2,3.5,3.3,3.3,3.4,2.6,3.3
K000001159,풍력발전연구 및 개발자,4.1,3.4,3.5,4.1,3.5,4.0,4.0,4.1,4.1,3.8,3.7,3.8,4.1,3.5,3.6,3.6
K000001160,연극영화방송기술감독,4.3,3.5,3.9,3.6,3.5,4.2,3.6,4.1,3.8,3.7,4.0,3.2,3.8,3.4,3.2,4.1
K000001161,아나운서,4.2,3.5,3.4,3.8,3.9,4.1,3.8,3.9,3.9,3.9,3.9,3.7,4.1,3.7,3.1,3.6
K000001162,보험보상사무원,4.5,3.2,3.3,4.2,4.1,4.3,4.4,4.4,4.3,4.4,3.8,4.2,4.3,4.2,2.8,4.3
K000001163,금융상품개발자,4.4,3.5,3.5,4.4,3.9,3.9,4.1,4.3,3.8,3.6,3.7,3.9,4.2,3.4,3.5,4.0
K000001164,화물차·특수차운전원,3.5,3.1,2.9,3.2,2.9,3.0,3.4,3.5,2.9,3.1,3.1,3.0,3.4,3.3,2.4,3.2
K000001165,금속가공제어장치조작원,3.4,2.5,2.5,2.6,2.9,3.2,3.0,2.6,2.7,2.6,2.8,2.8,3.1,2.7,2.1,2.8
K000001166,육류·어패류·낙농품가공기계조작원,3.7,2.8,2.7,2.7,3.0,3.3,3.3,3.0,3.3,3.1,3.2,3.0,3.4,3.1,2.4,3.2
K000001167,혼례종사원,4.1,3.0,3.5,3.2,3.8,3.8,3.3,3.6,3.7,3.5,3.6,3.6,3.8,3.9,3.3,3.9
K000001168,증권·외환딜러,4.5,3.3,3.2,4.3,3.9,4.1,4.5,4.5,4.2,4.3,3.7,4.0,4.1,3.3,3.0,3.8
K000001169,방송작가,4.5,3.7,3.7,4.0,4.3,4.2,4.3,3.9,4.3,3.8,4.3,3.7,4.3,4.1,3.6,4.3
K000001170,안내 및 접수사무원,4.2,3.3,2.9,3.1,4.1,3.3,4.0,4.0,4.1,3.8,4.0,4.1,3.6,4.0,2.3,3.9
K000001171,유치원 원장 및 원감,4.1,3.5,4.3,3.3,3.9,4.1,3.8,4.0,3.8,3.5,3.7,4.1,4.2,3.8,3.3,3.7
K000001172,웹기획자,4.5,2.8,4.3,4.3,4.3,4.1,4.2,4.2,4.1,3.9,4.2,3.4,4.4,3.5,3.4,4.5
K000001173,제조·생산관리자,4.3,3.3,4.1,3.9,3.9,4.0,4.0,3.9,3.8,3.8,3.8,3.7,4.3,3.7,3.5,4.2
K000001174,점토제품생산기계조작원,4.1,3.3,2.9,3.3,3.4,4.0,3.7,3.6,4.0,3.4,3.5,3.7,4.0,3.6,3.1,3.6
K000001175,위관급 장교,3.9,3.4,4.3,3.5,3.9,4.0,3.6,3.9,3.9,3.8,3.6,3.9,4.1,3.8,3.2,3.8
K000001176,응용소프트웨어개발자,4.4,3.6,3.3,4.2,3.5,3.9,4.0,4.1,3.9,3.5,3.8,3.5,4.1,3.6,3.7,4.3
K000001177,건설자재시험원,4.1,3.4,3.7,4.2,3.8,4.2,3.7,4.0,3.7,3.6,3.6,3.8,4.0,3.6,3.7,3.8
K000001178,메이크업아티스트 및 뷰티매니저,4.2,2.9,2.9,2.7,3.4,3.6,3.5,3.4,3.7,3.2,3.2,2.8,4.0,3.4,2.6,3.0
K000001179,투자분석가,4.6,3.9,3.4,4.6,3.9,4.3,4.2,4.4,4.2,3.9,3.8,4.1,4.3,3.0,3.3,3.4
K000001180,법률사무원,4.7,3.4,3.5,4.3,3.9,4.1,4.3,4.7,4.2,4.1,3.9,4.4,4.2,3.7,3.0,4.2
K000001181,연주가,3.8,3.3,3.2,3.1,3.4,4.3,3.6,3.7,4.0,3.3,3.8,3.1,3.9,3.3,3.1,3.6
K000001182,패턴사,4.2,2.9,2.6,3.3,2.8,3.6,3.2,3.7,3.6,3.0,3.4,3.2,3.8,2.9,3.1,3.1
K000001183,속기사,4.2,3.1,3.2,3.4,3.4,3.6,3.5,3.5,3.6,3.5,3.2,3.9,3.7,3.4,2.6,3.5
K000001184,반도체공학기술자 및 연구원,4.5,3.4,3.9,4.4,3.8,4.2,4.0,4.2,4.0,3.6,3.9,3.7,4.3,3.9,4.0,4.4
K000001185,자동차공학기술자,4.6,3.2,3.6,4.3,3.8,3.9,3.8,4.6,4.1,3.6,3.9,3.8,4.4,3.8,3.4,4.4
K000001186,청능사,4.0,3.2,3.4,3.6,3.3,3.8,3.4,4.0,3.5,3.5,3.7,4.0,3.8,4.2,3.3,3.7
K000001187,여행사무원,4.3,3.0,3.7,3.4,4.2,3.7,4.1,4.1,4.0,3.9,3.9,3.7,4.2,4.3,2.9,3.9
K000001188,도배공,4.4,3.1,3.0,2.6,2.8,3.8,3.7,3.7,3.8,3.1,3.2,3.8,4.0,3.2,2.5,3.5
K000001189,금속·재료공학시험원,3.5,3.1,2.6,3.9,3.1,3.5,3.7,3.5,3.4,3.2,3.4,3.5,3.6,3.2,2.6,3.2
K000001190,연구관리자,4.3,3.7,3.9,4.3,3.8,4.1,3.9,4.1,4.2,4.1,3.8,3.6,4.2,3.6,3.5,3.9
K000001191,전자계측제어기술자,4.2,2.7,3.6,4.1,3.6,4.3,4.1,4.1,4.0,3.7,3.6,3.4,4.0,3.1,3.5,3.9
K000001192,주방보조원,3.3,2.6,2.6,2.3,3.0,2.7,2.9,3.2,3.0,3.0,3.1,2.9,2.9,3.2,2.2,3.3
K000001193,고무 및 플라스틱화학공학기술자 및 연구원,4.4,3.6,3.5,4.4,3.5,4.0,4.0,4.3,4.0,3.6,3.8,3.8,4.0,3.4,3.9,4.3
K000001194,고객상담원,4.2,3.1,3.2,3.4,4.0,3.6,4.3,4.0,4.4,3.9,3.6,4.0,3.9,4.0,3.0,3.9
K000001195,상품중개인 및 경매사,4.3,3.8,4.2,3.9,4.0,4.1,3.7,4.2,4.0,4.0,4.2,4.2,4.2,4.1,3.6,4.1
K000001196,인사·교육·훈련사무원,4.6,3.2,3.5,3.8,4.4,3.8,4.3,4.5,4.2,4.2,3.9,4.1,4.3,4.4,2.9,4.4
K000001197,광석·석제품생산기계조작원,4.2,3.4,3.2,3.5,3.2,3.8,3.8,3.6,3.8,3.7,3.6,3.7,3.7,2.9,3.3,3.4
K000001198,출판물기획자,4.8,3.8,3.6,4.0,3.9,4.3,4.1,4.4,4.3,3.9,3.8,3.4,4.5,4.0,3.5,4.5
K000001199,펄프·종이제조장치조작원,3.7,2.9,2.9,2.6,2.8,3.3,3.3,3.4,3.4,3.1,3.2,3.0,3.5,3.1,2.5,3.0
K000001200,영업기획·관리·지원사무원,4.4,3.3,3.7,4.2,4.2,4.0,4.1,4.3,3.9,3.8,4.0,3.7,4.3,3.8,3.3,4.3
K000001201,법원공무원,4.3,2.8,3.1,3.3,3.3,3.4,3.7,3.8,3.3,3.2,3.1,4.2,3.8,3.4,2.2,3.6
K000001202,전기계측제어기술자,4.3,3.3,3.0,4.1,3.6,4.1,3.9,4.2,4.0,3.5,3.5,3.5,4.0,3.1,3.0,4.1
K000001203,여행안내원,3.7,3.4,3.7,3.6,3.5,3.7,3.5,3.8,3.5,3.5,3.4,3.7,4.1,4.1,3.3,3.8
K000001204,계기검침원 및 가스점검원,4.0,3.1,2.9,3.1,3.7,3.6,3.5,3.7,3.5,3.3,3.7,3.7,3.7,3.6,2.7,3.2
K000001205,전기·전자공학시험원,4.2,3.3,3.2,4.3,3.6,3.8,3.8,4.4,3.8,3.7,3.5,3.9,4.0,3.5,3.1,3.9
K000001206,보험모집인,4.4,3.4,3.6,3.8,3.9,4.5,4.3,4.6,4.5,4.2,4.2,4.2,4.4,4.0,3.3,3.8
K000001207,리포터,3.7,3.6,3.7,3.8,3.6,3.9,3.5,3.8,3.7,3.4,3.6,3.8,3.8,3.9,3.4,3.6
K000001208,조적원,4.2,3.3,3.0,2.9,3.2,3.5,3.4,3.5,3.5,3.1,3.2,3.6,3.6,3.6,3.0,3.7
K000001209,정육원 및 도축원,3.8,2.8,2.7,2.6,3.3,3.6,3.2,3.2,3.3,3.0,3.5,3.0,3.6,2.9,2.3,3.4
K000001210,금융관리자,4.5,3.4,4.2,4.3,4.2,4.1,4.2,4.5,4.2,4.3,4.0,4.0,4.4,3.8,3.1,3.8
K000001211,건설·광업기계설치·정비원,3.8,3.1,3.0,3.1,3.3,3.7,3.4,3.6,3.8,3.2,3.2,3.4,3.9,3.1,2.6,3.4
K000001212,청원경찰,3.8,3.0,3.3,3.2,3.9,3.9,3.3,4.0,3.9,3.4,3.3,3.9,4.1,4.2,2.9,4.1
K000001213,크레인·호이스트운전원,3.6,3.5,3.0,3.4,3.3,3.7,3.4,3.6,4.0,3.7,3.8,3.5,4.0,3.4,3.2,3.5
K000001214,자전거판매 및 정비원,4.2,3.2,3.2,3.1,3.3,3.5,3.4,3.8,3.7,3.0,3.6,3.7,3.7,3.6,2.8,3.2
K000001215,신용분석가,4.4,3.6,3.2,4.7,3.5,3.9,4.1,4.3,4.0,4.1,3.7,4.3,4.0,3.8,2.9,4.1
K000001216,예술치료사,3.3,2.9,3.1,3.3,3.1,3.5,3.3,3.7,3.4,3.2,3.4,3.4,3.9,3.6,2.8,3.2
K000001217,오토바이정비원,4.2,3.0,3.2,3.4,3.6,4.0,4.0,3.9,3.9,3.5,3.8,3.6,4.1,3.4,3.2,3.6
K000001218,홍보도우미 및 판촉원,3.4,3.4,3.2,3.1,3.8,3.6,3.9,3.7,3.6,3.4,3.7,3.4,3.8,3.7,3.4,3.7
K000001219,전산자료입력원 및 사무보조원,3.9,3.1,3.2,3.3,3.4,3.2,3.9,3.8,4.0,3.8,4.0,3.9,3.6,3.8,3.2,3.7
K000001220,대학시간강사,4.2,4.0,4.2,4.5,4.1,4.3,4.3,4.1,4.3,4.3,4.2,4.3,4.5,4.1,4.0,3.9
K000001221,법무사 및 집행관,4.6,3.6,3.6,4.4,3.6,4.0,4.0,4.3,3.8,3.8,3.7,4.0,4.1,3.8,3.0,4.0
K000001222,방송기자,4.3,3.2,3.6,4.2,4.4,4.3,4.2,4.2,4.1,3.8,4.2,3.7,4.2,3.6,3.0,4.1
K000001223,금형원,3.7,2.8,2.8,3.2,2.9,3.5,3.5,3.1,3.4,3.2,3.2,3.1,3.5,3.0,2.6,3.1
K000007449,회계사,4.7,4.1,3.7,4.6,4.1,4.4,4.6,4.5,4.4,4.1,3.6,4.1,4.5,3.8,2.7,4.3
K000007450,중식조리사,3.7,2.9,3.1,2.5,3.1,3.6,3.3,3.5,3.7,3.4,2.9,3.3,3.6,3.4,2.6,3.3
K000007451,텔레마케터,3.4,3.0,2.8,2.9,3.2,3.7,3.9,3.4,3.8,3.8,3.4,3.2,3.6,3.6,2.5,3.2
K000007452,가상현실전문가,4.1,3.4,3.3,3.6,3.4,3.8,3.7,3.6,3.4,3.6,3.3,3.3,4.0,3.1,3.5,3.4
K000007453,취업알선원,4.1,3.3,3.9,3.5,3.9,3.9,3.7,4.0,4.0,3.7,3.7,4.0,4.2,3.9,3.0,3.9
K000007454,의상디자이너,4.4,3.2,3.5,3.6,3.4,4.2,4.3,3.6,4.1,3.6,4.1,3.0,4.2,3.0,4.0,3.8
K000007455,집배원,3.4,2.5,2.2,2.5,3.1,3.2,3.2,2.9,3.4,3.0,3.1,2.8,3.3,3.2,2.2,3.1
K000007456,병무행정사무원,3.9,3.2,3.0,3.2,3.4,3.5,3.7,3.9,3.7,3.2,3.3,4.1,4.0,3.2,2.5,3.5
K000007457,한복제조원,4.4,2.9,2.7,2.9,3.2,4.0,3.6,3.6,4.0,3.3,3.3,3.6,3.8,3.6,2.7,3.3
K000007458,영화감독,4.0,3.9,4.4,3.9,3.7,4.3,4.3,4.0,4.5,4.2,4.0,3.5,4.5,3.7,3.9,3.9
K000007459,영상그래픽디자이너,4.6,3.8,3.3,3.1,3.7,4.3,4.0,4.1,4.1,3.7,3.9,3.1,4.0,3.5,3.8,3.9
K000007460,광고영상감독,4.1,3.6,3.8,3.6,3.7,3.9,3.9,3.7,4.1,3.5,3.6,3.0,4.0,3.4,4.1,4.0
K000007461,응급구조사,4.1,3.3,3.5,3.3,3.5,4.0,3.3,3.9,3.9,3.4,3.4,3.6,3.9,4.1,3.3,3.9
K000007462,지게차운전원,3.8,3.1,2.8,2.9,3.6,3.7,4.3,3.9,4.1,4.0,3.7,4.0,3.8,4.0,2.6,3.4
K000007463,웹디자이너,4.4,3.3,3.4,3.9,3.8,3.8,4.0,3.7,4.0,3.5,4.0,2.7,4.1,3.6,3.9,4.4
K000007464,자동차영업원,4.0,3.7,3.6,3.7,4.5,4.4,4.0,4.4,4.2,4.0,4.1,3.8,4.4,4.1,3.3,3.7
K000007465,택시운전원,3.6,3.2,2.8,2.9,3.7,3.6,4.2,4.0,4.1,4.1,3.6,3.8,4.2,4.3,2.2,3.4
K000007466,경리사무원,4.4,3.0,2.7,3.3,3.4,3.3,3.5,4.2,3.7,3.6,3.3,4.4,3.8,3.1,2.7,3.6
K000007467,콘크리트공,3.8,3.2,3.3,2.9,3.3,3.5,3.1,3.3,3.3,3.1,3.5,3.1,3.6,3.3,2.9,3.7
K000007468,버스운전원,3.3,2.9,2.9,2.9,3.3,3.5,3.4,3.8,3.5,3.4,3.1,3.3,3.7,3.1,2.5,3.2
K000007469,선박기관사,3.8,2.9,3.1,3.0,3.1,3.8,3.4,3.5,3.5,3.5,3.5,3.5,3.8,3.5,2.3,3.4
K000007470,변리사,4.7,3.9,2.7,4.5,2.7,4.3,4.2,4.7,4.0,3.7,3.8,3.7,4.4,3.0,3.1,3.2
K000007471,보험관리자,4.3,3.3,4.3,3.9,4.2,4.4,4.2,4.5,4.1,4.1,4.1,4.1,4.3,3.6,3.2,3.8
K000007472,치과의사,4.5,3.7,4.0,4.2,3.7,4.4,4.3,4.4,4.5,4.2,4.0,4.2,4.7,4.2,3.2,4.3
K000007473,조명기사,3.8,3.3,3.2,3.3,3.6,3.8,3.6,3.7,3.3,3.5,3.3,3.1,3.8,3.6,3.0,3.5
K000007474,한약사,4.1,3.4,3.6,3.1,3.5,3.9,3.3,3.9,3.7,3.5,3.3,3.9,3.9,3.7,3.1,3.6
K000007475,건축석공,3.6,2.9,2.4,3.0,3.0,3.6,3.3,3.4,3.7,3.2,3.4,3.0,3.7,3.1,2.8,3.4
K000007476,성우,3.8,3.5,3.2,3.8,4.0,3.9,3.5,3.6,3.7,4.0,3.9,3.5,3.8,3.6,3.3,3.8
K000007477,반려동물미용사,4.4,3.6,3.5,3.1,3.5,4.0,3.7,3.7,4.1,4.0,3.6,3.8,4.0,3.8,3.2,3.6
K000007478,비서,4.3,3.1,3.3,3.5,4.1,3.6,3.9,4.3,4.1,4.1,4.0,4.1,3.9,4.2,3.0,4.1
K000007479,안무가,3.9,3.7,4.2,3.9,4.0,4.2,3.9,4.0,4.0,3.9,4.0,3.6,4.1,3.9,4.0,4.1
K000007480,건물도장공,4.0,3.3,3.3,3.5,3.4,3.9,3.7,3.6,3.8,3.7,3.7,3.6,3.8,3.4,3.4,3.6
K000007481,미용사,4.3,3.6,3.6,3.0,3.8,4.2,3.6,3.9,3.9,3.6,3.6,3.7,3.7,3.8,3.3,3.6
K000007482,변호사,4.6,3.6,3.4,4.6,3.4,4.2,4.3,4.6,4.0,4.1,3.7,3.8,4.4,3.6,2.7,3.7
K000007483,웨딩플래너,3.9,3.3,3.4,3.2,3.5,3.8,3.3,3.6,3.7,3.4,3.4,3.4,3.6,3.7,3.3,3.7
K000007484,곡식작물재배원,3.7,3.1,3.1,3.0,3.4,4.2,3.6,3.5,4.1,3.4,3.4,3.8,3.8,3.4,3.3,3.6
K000007485,사회단체활동가,3.8,3.5,3.9,3.7,4.2,3.9,4.0,4.1,3.9,3.9,4.1,4.2,4.1,4.0,3.5,4.1
K000007486,과수작물재배원,3.4,2.9,2.9,2.7,3.0,3.8,3.1,3.2,3.8,3.0,3.0,3.3,3.6,3.0,2.9,3.4
K000007487,회계사무원,4.7,3.4,3.3,4.0,3.5,3.7,3.7,4.5,3.7,4.1,3.1,4.5,4.0,3.1,2.7,3.9
K000007488,경량철골공,4.0,3.0,2.9,3.2,2.9,3.7,3.4,3.4,3.7,3.4,3.4,3.3,3.8,3.4,3.0,3.8
K000007489,항공교통관제사,4.0,3.4,3.3,3.5,3.6,3.3,4.0,4.1,3.7,3.8,3.5,3.7,3.7,3.8,2.7,4.0
K000007490,보건교사,3.8,2.8,3.5,2.7,3.5,3.9,3.0,3.6,3.6,3.2,3.1,3.6,3.9,3.6,2.4,3.5
K000007491,전기안전기술자,4.4,3.5,3.8,4.2,3.7,4.0,3.7,4.3,3.9,3.7,3.8,4.2,4.4,3.7,3.2,4.0
K000007492,보건의료정보관리사,3.8,2.8,2.8,2.8,2.9,3.5,3.1,3.5,3.1,3.0,3.1,3.0,3.6,3.6,2.6,3.3
K000007493,역사학연구원,4.4,3.6,3.5,4.0,3.3,4.0,3.9,4.0,4.1,3.6,3.6,3.8,4.2,3.5,2.9,4.0
K000007494,간호사,4.3,3.3,3.4,3.4,3.9,3.7,3.8,4.2,3.9,3.6,3.8,3.8,4.1,4.1,2.6,4.1
K000007495,소방관,3.8,2.9,3.3,2.8,3.2,3.7,3.4,3.6,3.7,3.2,3.1,3.4,4.0,3.4,2.3,3.6
K000007496,공업배관공,3.7,2.6,3.0,2.7,3.3,3.4,3.2,3.4,3.3,3.4,3.3,3.1,3.5,3.2,2.3,3.3
K000007497,수의사보조원,3.9,3.2,3.1,2.9,3.4,3.9,3.4,3.5,3.8,3.2,3.3,3.4,3.8,4.0,2.8,3.7
K000007498,실내장식디자이너,4.5,3.1,4.0,3.7,4.1,4.2,4.4,3.8,4.4,3.7,4.2,3.3,4.5,3.7,3.4,4.6
K000007499,네트워크관리자,4.7,3.5,3.5,4.5,3.6,4.2,4.2,4.2,3.9,3.9,3.7,3.7,4.2,3.6,3.4,4.1
K000007500,관세사,4.6,3.2,3.7,3.8,3.7,4.0,3.9,4.3,3.8,3.8,3.7,4.0,4.4,3.5,2.8,3.9
K000007501,물리치료사,3.9,2.9,3.5,3.4,3.5,3.7,3.9,3.9,3.8,4.0,3.6,3.7,3.9,3.8,2.7,3.8
K000007502,보육교사,4.0,3.0,3.5,3.1,3.4,3.7,3.6,3.9,3.9,3.5,3.2,3.9,4.0,3.7,2.7,3.6
K000007503,연극연출가,4.1,3.7,4.0,3.9,3.9,4.0,4.0,3.9,3.9,3.7,3.9,3.9,4.0,3.8,3.9,4.0
K000007504,일반의사,4.3,3.3,3.9,3.7,3.8,4.1,3.8,4.0,3.9,3.6,3.6,3.9,4.1,3.7,3.1,3.9
K000007505,성악가,3.9,3.6,3.6,3.5,3.9,4.0,4.2,4.0,4.1,3.9,3.8,3.9,4.2,3.8,3.6,4.2
K000007506,항공기객실승무원,4.1,3.4,3.9,3.8,4.1,4.0,4.0,4.0,4.2,4.0,4.0,4.2,4.2,4.0,3.3,3.9
K000007507,프로게이머,4.1,3.4,3.7,3.9,3.9,4.6,4.3,3.5,4.3,4.1,4.0,3.5,4.3,3.7,3.9,3.9
K000007508,부사관,3.5,3.1,3.6,2.9,3.4,3.7,3.4,3.6,3.8,3.6,3.1,3.4,3.7,3.1,2.6,3.5
K000007509,안경사,4.1,2.9,2.6,2.7,3.3,3.6,2.6,3.5,3.5,2.6,3.0,3.2,3.2,3.1,2.2,2.9
K000007510,떡제조원,4.2,3.6,3.6,3.6,4.0,4.2,4.3,3.9,4.2,3.7,4.0,4.0,4.3,3.9,3.7,3.9
K000007511,대중무용수,3.9,3.5,3.9,3.4,3.9,4.2,3.7,3.8,4.2,3.8,3.8,3.8,3.9,3.7,3.7,4.1
K000007512,언어학연구원,3.9,3.6,3.4,3.8,3.8,4.0,3.4,3.8,3.5,3.4,3.7,3.5,3.6,3.7,3.4,3.6
K000007513,방문판매원,3.8,3.2,3.2,2.9,3.9,3.8,3.6,3.9,3.7,3.4,3.5,3.6,3.6,3.8,3.0,3.4
K000007514,감정평가사,4.6,4.1,2.7,4.4,3.7,3.8,4.1,4.6,3.7,4.0,4.0,4.5,4.2,3.0,2.7,3.8
K000007515,철도교통관제사,3.9,2.8,2.9,3.6,3.3,3.2,3.2,3.4,3.1,3.3,3.4,3.3,3.5,3.4,3.0,3.6
K000007516,조세행정사무원,4.5,3.0,3.4,3.9,3.4,3.6,3.9,4.0,3.8,3.5,3.5,4.3,4.1,3.4,2.6,3.8
K000007517,총무사무원,4.4,3.3,3.3,3.5,3.9,3.8,3.9,4.2,4.1,3.9,3.8,4.4,4.1,3.6,3.0,3.9
K000007518,만화가,3.6,2.9,3.0,3.1,3.4,3.8,3.8,3.2,3.8,3.2,3.3,3.2,3.9,3.3,3.1,3.4
K000007519,보험상품개발자,4.6,3.7,2.9,4.8,3.1,4.1,4.0,4.5,3.9,3.8,3.4,4.2,4.3,2.9,2.8,3.6
K000007520,육아도우미,3.3,2.6,2.8,2.4,3.0,3.0,3.1,3.7,3.7,3.2,3.1,3.2,3.3,3.7,2.2,3.4
K000007521,경찰관,3.9,3.3,3.8,4.0,4.0,3.8,4.2,4.2,4.0,4.2,4.0,4.3,4.2,4.0,3.1,4.1
K000007522,교육학연구원,4.1,3.5,3.6,4.1,3.7,4.1,3.8,4.0,3.7,3.9,4.0,4.0,4.3,3.6,3.7,3.9
K000007523,검표원,3.5,2.9,2.7,2.5,3.5,3.4,3.5,3.2,3.8,3.4,3.1,3.6,3.7,3.7,2.3,3.6
K000007524,행정사,4.5,3.3,3.1,3.6,3.7,4.0,3.5,4.4,3.9,3.5,3.7,3.9,4.3,3.7,2.5,3.8
K000007525,세무사,4.7,3.5,3.8,4.4,3.9,4.2,4.2,4.6,4.2,4.0,4.0,3.9,4.4,3.7,2.9,3.9
K000007526,청소년지도사,3.8,3.8,4.2,3.6,4.4,4.1,4.1,3.9,4.0,3.7,4.2,4.0,4.2,3.9,3.5,4.2
K000007527,판사,4.3,3.8,3.9,4.3,3.3,4.0,4.4,4.5,3.9,4.2,3.6,4.5,4.5,3.9,2.9,3.6
K000007528,분장사,4.1,3.4,2.9,3.3,3.5,3.7,3.6,3.7,3.9,3.4,3.5,3.2,3.8,3.7,3.5,3.8
K000007529,임상심리사,3.9,3.3,3.5,3.7,3.8,4.0,3.9,3.9,3.9,3.7,3.5,3.8,3.9,4.0,3.0,3.7
K000007530,유치원교사,4.2,3.1,3.5,3.1,4.2,4.2,3.4,4.2,3.9,3.6,3.5,3.9,4.2,4.0,2.7,3.4
K000007531,지질학연구원,4.0,3.2,3.3,4.2,3.3,3.9,3.5,4.0,3.6,3.2,3.6,3.5,3.9,3.7,3.3,3.9
K000007532,사서,4.0,3.1,2.8,2.7,3.4,3.6,3.1,3.4,3.6,3.1,3.1,3.4,3.5,3.6,2.7,3.5
K000007533,철근공,3.7,2.8,3.0,2.8,3.4,3.6,3.5,3.4,3.7,3.3,3.5,3.4,3.5,3.4,2.8,3.5
K000007534,음식배달원,3.4,3.3,2.6,2.5,3.2,3.2,3.7,3.7,3.3,3.4,3.5,3.7,3.6,3.6,2.3,3.4
K000007535,약학연구원,4.7,3.9,3.8,4.5,3.3,4.5,4.2,4.7,4.6,3.8,3.9,4.5,4.3,3.7,3.8,4.2
K000007536,부동산중개인,4.2,3.5,3.6,4.1,4.0,4.1,4.0,4.5,4.2,4.1,3.9,4.2,4.3,3.9,3.4,3.9
K000007537,작업치료사,3.5,3.0,3.2,3.1,3.7,3.8,3.7,3.6,3.6,3.4,3.4,3.6,3.9,3.7,2.4,3.2
K000007538,한식조리사,3.7,3.2,2.7,2.7,3.3,3.4,3.3,3.7,3.7,3.3,3.1,3.5,3.8,3.3,2.9,3.6
K000007539,컴퓨터강사,4.0,3.0,3.3,3.2,3.4,3.8,2.9,3.6,3.3,3.0,3.1,3.3,3.4,3.0,2.7,2.8
K000007540,해양경찰관,3.8,3.3,3.9,3.6,3.9,3.9,3.9,4.2,4.0,4.1,3.5,4.2,4.1,3.8,2.9,3.9
K000007541,생활지도원,3.5,3.0,3.3,3.0,3.6,3.7,3.9,3.6,3.9,3.6,3.3,3.6,3.7,3.9,2.3,3.4
K000007542,한의사,4.4,3.6,3.6,4.0,3.9,4.1,4.1,4.2,4.2,4.2,3.8,4.1,4.5,4.2,3.3,3.9
K000007543,촬영기사,4.1,3.0,3.5,3.4,3.6,3.8,3.5,3.9,3.4,3.5,3.5,3.5,3.7,3.7,3.2,3.7
K000007544,임상병리사,4.6,3.6,3.4,4.3,3.4,3.9,3.9,4.4,3.9,4.0,3.9,4.1,4.3,3.8,3.1,3.9
K000007545,비파괴검사원,4.0,3.4,3.6,3.8,3.2,3.8,3.7,4.0,3.8,3.7,3.5,3.9,4.0,3.7,3.0,3.6
K000007546,무용가,3.9,3.7,3.7,3.7,3.9,4.0,3.8,3.8,4.1,3.5,3.7,3.5,3.8,3.8,3.8,3.5
K000007547,안마사,4.3,3.4,3.0,3.0,3.4,3.8,3.6,3.7,4.1,3.6,3.5,3.8,3.9,3.8,2.9,3.4
K000007548,자동차조립원,3.9,2.8,3.3,3.0,3.4,3.5,3.2,3.5,3.6,3.3,3.4,3.3,3.6,3.4,2.7,3.5
K000007549,경호원,3.5,2.6,3.1,3.2,3.4,3.4,3.6,3.7,3.5,3.6,3.4,3.7,3.5,3.6,2.4,3.6
K000007550,통계사무원,4.4,3.2,3.1,3.6,3.7,3.6,3.5,3.7,3.7,3.6,3.4,3.5,3.8,3.5,2.8,3.7
K000007551,화가,4.0,3.7,2.5,2.9,2.4,4.0,3.6,3.0,4.0,3.2,3.0,3.1,3.4,2.8,3.3,2.5
K000007552,항공기조종사,4.1,3.4,4.2,4.1,3.4,4.3,4.0,4.2,4.0,4.2,3.6,3.3,4.4,3.7,2.7,4.1
K000007553,감사사무원,4.4,3.7,3.7,4.4,3.8,3.9,4.3,4.5,3.9,4.2,3.6,4.6,4.3,3.6,2.8,4.1
K000007554,폐기물처리기술자,4.2,3.5,3.7,4.2,3.3,4.0,3.7,3.9,4.0,3.6,3.8,3.6,4.0,3.4,3.5,3.8
K000007555,양식조리사,3.3,2.9,3.1,2.6,3.3,3.6,3.0,3.0,3.3,2.9,3.1,3.3,3.2,3.4,2.8,3.2
K000007556,주방장,4.1,3.3,3.9,3.2,3.7,3.9,3.5,3.9,3.7,3.6,3.8,3.6,3.9,3.8,3.4,3.8
K000007557,택배원,4.3,3.7,2.7,3.1,3.5,3.5,3.4,4.2,3.9,3.3,3.5,3.8,4.1,3.8,3.0,3.7
K000007558,초등학교교사,3.9,3.4,3.9,3.4,4.0,4.0,3.6,4.0,4.3,3.4,3.5,4.2,4.4,3.9,3.0,3.9
K000007559,심리학연구원,4.1,3.5,3.5,4.4,3.9,4.0,4.2,4.1,3.9,3.9,3.5,3.9,4.1,4.3,3.1,3.5
K000007560,해외영업원,4.4,3.2,3.7,3.8,4.0,4.1,4.0,4.3,4.1,3.9,4.2,3.5,4.4,3.7,3.2,4.1
K000007561,손해사정사,4.2,3.6,2.9,3.7,3.6,3.9,3.9,4.2,3.8,3.6,3.5,4.0,4.2,3.4,2.5,3.2
K000007562,노무사,4.5,3.9,3.4,4.4,4.3,4.3,4.6,4.7,4.4,4.3,3.9,3.8,4.5,4.0,2.6,3.8
K000007563,방역원,3.2,2.6,2.6,2.5,2.4,2.7,2.6,3.0,2.6,2.5,2.7,2.8,2.8,3.0,2.4,2.8
K000007564,놀이치료사,4.0,3.5,3.9,3.9,3.9,4.0,4.2,3.9,3.9,3.9,3.7,3.8,4.2,3.9,3.1,3.8
K000007565,직업상담사,4.1,3.4,3.7,4.0,4.4,4.2,4.4,4.7,4.0,4.3,4.1,3.9,4.3,4.3,3.1,4.2
K000007566,가사관리사,4.0,2.9,2.7,2.4,2.9,2.9,3.6,3.6,3.5,3.4,3.3,3.7,3.3,3.3,2.1,3.2
K000007567,게임그래픽디자이너,4.3,3.3,3.0,3.2,3.3,4.0,3.9,3.8,4.0,3.6,3.9,3.2,4.0,3.5,3.5,3.9
K000007568,물리학연구원,4.1,3.6,3.7,4.2,3.5,4.2,3.8,4.0,4.0,3.3,3.8,4.0,3.9,3.6,3.9,4.0
K000007569,이용사,4.1,3.2,3.0,2.8,3.5,3.8,3.5,3.7,3.7,3.2,3.3,3.6,3.8,4.0,2.8,3.6
K000007570,교도관,3.7,3.6,3.5,3.1,3.3,3.4,3.5,3.9,4.1,3.9,3.1,3.6,3.5,3.0,2.7,3.1
K000007571,조각가,4.3,3.6,3.0,2.5,2.9,4.1,3.3,3.1,4.0,3.0,3.1,3.1,3.5,2.9,3.6,2.8
K000007572,소설가,4.2,3.8,3.4,3.5,3.5,4.3,4.1,4.0,4.2,3.9,3.5,3.7,4.4,3.7,3.6,3.4
K000007573,검사,4.0,3.1,3.3,3.5,3.1,3.6,3.1,3.9,3.4,3.1,2.8,3.6,3.7,3.1,2.8,3.0
K000007574,연예인매니저,3.9,3.1,3.3,3.3,4.0,4.0,3.8,4.1,4.4,3.7,3.6,3.3,4.4,4.0,2.7,3.7
K000007575,경비원,3.6,2.6,2.5,2.7,3.6,2.9,3.4,3.6,3.4,3.2,3.1,3.6,3.2,3.8,2.4,3.6
K000007576,간호조무사,4.2,3.2,3.2,3.2,3.9,4.0,3.6,4.0,4.0,3.6,3.5,3.8,4.0,3.9,2.7,3.6
K000007577,치과기공사,4.3,3.2,2.8,3.3,3.1,4.1,3.5,4.0,4.0,3.6,3.3,3.9,4.0,3.4,3.2,3.5
K000007578,선박객실승무원,3.5,3.0,2.9,3.1,3.7,2.8,3.8,3.6,4.0,3.9,3.5,2.9,2.9,4.7,2.8,4.0
K000007579,일식조리사,3.9,3.2,3.2,3.0,3.5,3.6,3.3,3.7,3.4,3.3,3.5,3.4,3.5,3.8,3.0,3.5
K000007580,게임프로그래머,4.7,3.4,3.4,4.3,3.1,4.3,4.1,4.4,4.2,3.7,3.6,3.4,4.2,3.5,3.6,4.3
K000007581,3D프린팅모델러,3.8,3.3,3.6,3.8,3.4,3.8,3.3,3.8,4.0,3.5,3.4,3.4,3.8,3.3,3.5,3.5
K000007582,환경영향평가원,4.5,3.0,3.8,3.9,4.1,4.0,4.3,4.3,3.9,3.9,3.9,4.0,4.2,3.8,3.0,4.2
K000007583,작곡가,3.7,3.4,2.9,2.8,2.7,4.2,3.4,3.6,3.8,3.1,3.3,2.8,3.9,3.2,2.9,3.1
